{
   "servers": [
      {
         "id": 1222,
         "name": "alexserver",
         "owner": 1,
         "maxplayers": 10,
         "config": {
            "ConfigType": 160,
            "ArenaSize": 300,
            "DefaultZoom": 2,
            "MinimumZoom": 1.5,
            "MinimumZoomScore": 100,
            "ZoomLevel2": 10,
            "GlobalWebLag": 90,
            "GlobalMobileLag": 60,
            "OtherSnakeDelay": 40,
            "IsTalkEnabled": 1,
            "FoodValue": 1.5, 
            "UpdateInterval": 100,
            "MaxBoostSpeed": 255,
            "MaxRubSpeed": 200,
            "DefaultLength": 10
         }
      }
   ]
}